Harry Potter and the Sorcerer's Stone,9780439708180,J.K. Rowling
Harry Potter and the Chamber of Secrets,9780439064873,J.K. Rowling
Harry Potter and the Prisoner of Azkaban,9780439136365,J.K. Rowling
Harry Potter and the Goblet of Fire,9780439139601,J.K. Rowling
Harry Potter and the Order of the Phoenix,9780439358071,J.K. Rowling
Harry Potter and the Half-Blood Prince,9780439785969,J.K. Rowling
Harry Potter and the Deathly Hallows,9780545010221,J.K. Rowling
The Hobbit,9780547928227,J.R.R. Tolkien
The Fellowship of the Ring,9780547928210,J.R.R. Tolkien
The Return of the King,9780547928197,J.R.R. Tolkien
The Silmarillion,9780618391110,J.R.R. Tolkien
1984,9780451524935,George Orwell
Animal Farm,9780451526342,George Orwell
Homage to Catalonia,9780156421171,George Orwell
Brave New World,9780060850524,Aldous Huxley
Island,9780061561795,Aldous Huxley
The Doors of Perception,9780061729072,Aldous Huxley
Pride and Prejudice,9780141439518,Jane Austen
Sense and Sensibility,9780141439662,Jane Austen
Emma,9780141439587,Jane Austen
Mansfield Park,9780141439808,Jane Austen
Persuasion,9780141439686,Jane Austen
The Shining,9780307743657,Stephen King
It,9781501142970,Stephen King
Carrie,9780307743664,Stephen King
The Stand,9780307743688,Stephen King
The Green Mile,9781501160448,Stephen King
A Game of Thrones,9780553593716,George R.R. Martin
A Clash of Kings,9780553579901,George R.R. Martin
A Storm of Swords,9780553573428,George R.R. Martin
A Feast for Crows,9780553582024,George R.R. Martin
A Dance with Dragons,9780553582017,George R.R. Martin
The Catcher in the Rye,9780316769488,J.D. Salinger
Franny and Zooey,9780316769020,J.D. Salinger
Nine Stories,9780316767729,J.D. Salinger
The Great Gatsby,9780743273565,F. Scott Fitzgerald
Tender Is the Night,9780684801544,F. Scott Fitzgerald
Moby Dick,9781503280786,Herman Melville
Bartleby the Scrivener,9781503280787,Herman Melville
Billy Budd,9781503280788,Herman Melville
To Kill a Mockingbird,9780061120084,Harper Lee
Go Set a Watchman,9780062409850,Harper Lee
The Old Man and the Sea,9780684801223,Ernest Hemingway
A Farewell to Arms,9780684801469,Ernest Hemingway
For Whom the Bell Tolls,9780684803357,Ernest Hemingway
The Sun Also Rises,9780743297332,Ernest Hemingway
The Alchemist,9780061122415,Paulo Coelho
Veronika Decides to Die,9780061124266,Paulo Coelho
Eleven Minutes,9780060589288,Paulo Coelho
The Da Vinci Code,9780307474278,Dan Brown
Inferno,9781400079155,Dan Brown
Digital Fortress,9780312263126,Dan Brown
Deception Point,9780312944926,Dan Brown
The Girl Who Played with Fire,9780307454553,Stieg Larsson
The Girl Who Kicked the Hornet's Nest,9780307454560,Stieg Larsson
The Hunger Games,9780439023528,Suzanne Collins
Catching Fire,9780439023498,Suzanne Collins
Mockingjay,9780439023511,Suzanne Collins
The Fault in Our Stars,9780142424179,John Green
Looking for Alaska,9780142402511,John Green
Paper Towns,9780142414934,John Green
An Abundance of Katherines,9780142410707,John Green
Twilight,9780316015844,Stephenie Meyer
New Moon,9780316160193,Stephenie Meyer
Breaking Dawn,9780316067928,Stephenie Meyer
The Chronicles of Narnia,9780066238500,C.S. Lewis
The Voyage of the Dawn Treader,9780064471077,C.S. Lewis
The Last Battle,9780064471107,C.S. Lewis
Ghost Protocol,9780000000037,Theo Lang
Fire and Code,9780000000038,Helena Roth
The Dark Web,9780000000039,Nico Sommer
Silent Code,9780000000040,Finn Jäger
The Last Guardian,9780000000041,Johanna Haas
Frozen Time,9780000000042,Tobias Schuster
The Infinite Key,9780000000043,Sarah Kern
Shadows Rising,9780000000044,Jan Fuchs
The Red Signal,9780000000047,Alina Dietrich
Echo Chamber,9780000000048,Erik Schmid
Cyber Storm,9780000000051,Paula Voigt
The Black Code,9780000000054,Marvin Franke
Digital Horizon,9780000000055,Lena Barth
The Final Byte,9780000000056,Chris Ludwig
Neural Path,9780000000057,Sven Krämer
The Data Stream,9780000000058,Anne Beckmann
Lost Connection,9780000000059,Marc Schreiber
The Code Breaker,9780000000060,Tina Busch
Dark Signal,9780000000061,Kevin Wolff
The Last Node,9780000000062,Vanessa Arndt
Hidden System,9780000000063,Patrick Krüger
The Infinite Loop 2,9780000000064,Laura Weiß
Digital Storm,9780000000065,Daniel Bergmann
The Red Code,9780000000067,Thomas Fuchs
Ghost Network,9780000000068,Maria Lang
Cyber Dreams,9780000000069,Stefan Peters
The Hidden Algorithm,9780000000070,Sophie Maier
Binary Storm,9780000000071,Andreas Otto
The Lost Signal,9780000000072,Nina Frank
Dark Protocol,9780000000073,Julian Wolf
Virtual Code,9780000000074,Hannah Busch
The Final Horizon,9780000000075,Lukas König
Silent Byte,9780000000076,Clara Schmitt
The Infinite System,9780000000077,Tim Berg
Hidden Data,9780000000078,Lea Fuchs
Cyber Horizon,9780000000079,Paul Keller
Ghost Code,9780000000080,Emma Weiß
Binary Path,9780000000081,Jonas Ludwig
The Dark Node,9780000000082,Mia Peters
Silent Storm,9780000000083,Leon Schreiber
The Final Key,9780000000084,Sophia Lang
Digital Maze,9780000000085,Max Otto
The Hidden Byte,9780000000086,Lisa König
Cyber Signal,9780000000087,Noah Klein
Ghost Horizon,9780000000088,Anna Fuchs
Binary Code X,9780000000089,Tom Bergmann
The Lost Byte,9780000000090,Julia Schuster
Dark System,9780000000091,David König
Silent Data,9780000000092,Clara Busch
The Infinite Node,9780000000093,Jan Ludwig
Cyber Key,9780000000094,Marlene Otto
Ghost System,9780000000095,Felix Weiß
Binary Signal,9780000000096,Lea König
The Final Protocol,9780000000097,Simon Berg
Hidden Horizon,9780000000098,Sarah Klein
Dark Byte,9780000000099,Erik Otto
The Last Code,9780000000100,Nina Busch
Prince Caspian,9780064471053,C.S. Lewis
Virtual Reality,9780000000046,Tom Schmitt
Pet Sematary,9781501156700,Stephen King
The Silver Chair,9780064471091,C.S. Lewis
Brida,9780061578953,Paulo Coelho
Misery,9781501143106,Stephen King
The Hidden Node,9780000000052,Robin Keller
The Final System,9780000000045,Marlene Weiß
Eclipse,9780316160209,Stephenie Meyer
Silent Network,9780000000053,Julia Sauer
This Side of Paradise,9780743273566,F. Scott Fitzgerald
The Lost Data,9780000000050,Simon Werner
Silent Protocol,9780000000066,Julia Klein
The Girl with the Dragon Tattoo,9780307454546,Stieg Larsson
Northanger Abbey,9780141439792,Jane Austen
The Pilgrimage,9780061687457,Paulo Coelho
The Two Towers,9780547928203,J.R.R. Tolkien
Binary Dreams,9780000000049,Lina Conrad
Angels & Demons,9780743493468,Dan Brown
The Crystal Maze,9780000000036,Ida Peters
